transaction,count,ids
,4,...
1,4,...
2,3,...
3,3,...
4,3,...
5,3,...
6,3,...
7,3,...
10,2,...
100,2,...
101,2,...
102,2,...
103,2,...
104,2,...
105,2,...
106,2,...
107,2,...
108,2,...
109,2,...
11,2,...
110,2,...
111,2,...
112,2,...
113,2,...
114,2,...
115,2,...
116,2,...
117,2,...
118,2,...
119,2,...
12,2,...
120,2,...
121,2,...
122,2,...
123,2,...
124,2,...
125,2,...
126,2,...
127,2,...
128,2,...
129,2,...
13,2,...
130,2,...
131,2,...
132,2,...
133,2,...
134,2,...
135,2,...
136,2,...
137,2,...
138,2,...
139,2,...
14,2,...
140,2,...
141,2,...
142,2,...
143,2,...
144,2,...
145,2,...
146,2,...
147,2,...
148,2,...
149,2,...
15,2,...
150,2,...
151,2,...
152,2,...
153,2,...
154,2,...
155,2,...
156,2,...
157,2,...
158,2,...
159,2,...
16,2,...
160,2,...
161,2,...
162,2,...
163,2,...
164,2,...
165,2,...
166,2,...
167,2,...
168,2,...
169,2,...
17,2,...
170,2,...
171,2,...
172,2,...
173,2,...
174,2,...
175,2,...
176,2,...
177,2,...
178,2,...
179,2,...
18,2,...
180,2,...
181,2,...
182,2,...
183,2,...
184,2,...
185,2,...
186,2,...
187,2,...
188,2,...
189,2,...
19,2,...
190,2,...
191,2,...
192,2,...
193,2,...
194,2,...
195,2,...
196,2,...
197,2,...
198,2,...
199,2,...
20,2,...
200,2,...
201,2,...
202,2,...
203,2,...
204,2,...
205,2,...
206,2,...
207,2,...
208,2,...
209,2,...
21,2,...
210,2,...
211,2,...
212,2,...
213,2,...
214,2,...
215,2,...
216,2,...
217,2,...
218,2,...
219,2,...
22,2,...
220,2,...
221,2,...
222,2,...
223,2,...
224,2,...
225,2,...
226,2,...
227,2,...
228,2,...
229,2,...
23,2,...
230,2,...
231,2,...
232,2,...
233,2,...
234,2,...
235,2,...
236,2,...
237,2,...
238,2,...
239,2,...
24,2,...
240,2,...
241,2,...
242,2,...
243,2,...
244,2,...
245,2,...
246,2,...
247,2,...
248,2,...
249,2,...
25,2,...
250,2,...
251,2,...
252,2,...
253,2,...
254,2,...
255,2,...
256,2,...
257,2,...
258,2,...
259,2,...
26,2,...
260,2,...
261,2,...
262,2,...
263,2,...
264,2,...
265,2,...
266,2,...
267,2,...
268,2,...
269,2,...
27,2,...
270,2,...
271,2,...
272,2,...
273,2,...
274,2,...
275,2,...
276,2,...
277,2,...
278,2,...
279,2,...
28,2,...
280,2,...
281,2,...
282,2,...
29,2,...
29340,2,...
29341,2,...
29342,2,...
29343,2,...
29344,2,...
29345,2,...
29346,2,...
29347,2,...
30,2,...
31,2,...
32,2,...
33,2,...
34,2,...
35,2,...
36,2,...
37,2,...
38,2,...
39,2,...
40,2,...
41,2,...
42,2,...
43,2,...
44,2,...
45,2,...
46,2,...
47,2,...
48,2,...
49,2,...
50,2,...
51,2,...
52,2,...
53,2,...
54,2,...
54273,2,...
54274,2,...
54275,2,...
55,2,...
56,2,...
57,2,...
58,2,...
59,2,...
60,2,...
60595,2,...
61,2,...
62,2,...
63,2,...
64,2,...
65,2,...
66,2,...
67,2,...
68,2,...
69,2,...
70,2,...
71,2,...
72,2,...
73,2,...
74,2,...
75,2,...
76,2,...
77,2,...
78,2,...
79,2,...
8,2,...
80,2,...
81,2,...
82,2,...
83,2,...
84,2,...
85,2,...
86,2,...
87,2,...
88,2,...
89,2,...
9,2,...
90,2,...
91,2,...
92,2,...
93,2,...
94,2,...
95,2,...
96,2,...
97,2,...
98,2,...
99,2,...
JF10,2,...
JF100,2,...
JF1000,2,...
JF1001,2,...
JF1002,2,...
JF1003,2,...
JF1004,2,...
JF1005,2,...
JF1006,2,...
JF1007,2,...
JF1008,2,...
JF1009,2,...
JF101,2,...
JF1010,2,...
JF1011,2,...
JF1012,2,...
JF1013,2,...
JF1014,2,...
JF1015,2,...
JF1016,2,...
JF1017,2,...
JF1018,2,...
JF1019,2,...
JF102,2,...
JF1020,2,...
JF1021,2,...
JF1022,2,...
JF1023,2,...
JF1024,2,...
JF1025,2,...
JF1026,2,...
JF1027,2,...
JF1028,2,...
JF1029,2,...
JF103,2,...
JF1030,2,...
JF1031,2,...
JF1032,2,...
JF1033,2,...
JF1034,2,...
JF1035,2,...
JF1036,2,...
JF1037,2,...
JF1038,2,...
JF1039,2,...
JF104,2,...
JF1040,2,...
JF1041,2,...
JF1042,2,...
JF1043,2,...
JF1044,2,...
JF1045,2,...
JF1046,2,...
JF1047,2,...
JF1048,2,...
JF1049,2,...
JF105,2,...
JF1050,2,...
JF1051,2,...
JF1052,2,...
JF1053,2,...
JF1054,2,...
JF1055,2,...
JF1056,2,...
JF1057,2,...
JF1058,2,...
JF1059,2,...
JF106,2,...
JF1060,2,...
JF1061,2,...
JF1062,2,...
JF1063,2,...
JF1064,2,...
JF1065,2,...
JF1066,2,...
JF1067,2,...
JF1068,2,...
JF1069,2,...
JF107,2,...
JF1070,2,...
JF1071,2,...
JF1072,2,...
JF1073,2,...
JF1074,2,...
JF1075,2,...
JF1076,2,...
JF1077,2,...
JF1078,2,...
JF1079,2,...
JF108,2,...
JF1080,2,...
JF1081,2,...
JF1082,2,...
JF1083,2,...
JF1084,2,...
JF1085,2,...
JF1086,2,...
JF1087,2,...
JF1088,2,...
JF1089,2,...
JF109,2,...
JF1090,2,...
JF1091,2,...
JF1092,2,...
JF1093,2,...
JF1094,2,...
JF1095,2,...
JF1096,2,...
JF1097,2,...
JF1098,2,...
JF1099,2,...
JF11,2,...
JF110,2,...
JF1100,2,...
JF1101,2,...
JF1102,2,...
JF1103,2,...
JF1104,2,...
JF1105,2,...
JF1106,2,...
JF1107,2,...
JF1108,2,...
JF1109,2,...
JF111,2,...
JF1110,2,...
JF1111,2,...
JF1112,2,...
JF1113,2,...
JF1114,2,...
JF1115,2,...
JF1116,2,...
JF1117,2,...
JF1118,2,...
JF1119,2,...
JF112,2,...
JF1120,2,...
JF1121,2,...
JF1122,2,...
JF1123,2,...
JF1124,2,...
JF1125,2,...
JF1126,2,...
JF1127,2,...
JF1128,2,...
JF1129,2,...
JF113,2,...
JF1130,2,...
JF1131,2,...
JF1132,2,...
JF1133,2,...
JF1134,2,...
JF1135,2,...
JF1136,2,...
JF1137,2,...
JF1138,2,...
JF1139,2,...
JF114,2,...
JF1140,2,...
JF1141,2,...
JF1142,2,...
JF1143,2,...
JF1144,2,...
JF1145,2,...
JF1146,2,...
JF1147,2,...
JF1148,2,...
JF1149,2,...
JF115,2,...
JF1150,2,...
JF1151,2,...
JF1152,2,...
JF1153,2,...
JF1154,2,...
JF1155,2,...
JF1156,2,...
JF1157,2,...
JF1158,2,...
JF1159,2,...
JF116,2,...
JF1160,2,...
JF1161,2,...
JF1162,2,...
JF1163,2,...
JF1164,2,...
JF1165,2,...
JF1166,2,...
JF1167,2,...
JF1168,2,...
JF1169,2,...
JF117,2,...
JF1170,2,...
JF1171,2,...
JF1172,2,...
JF1173,2,...
JF1174,2,...
JF1175,2,...
JF1176,2,...
JF1177,2,...
JF1178,2,...
JF1179,2,...
JF118,2,...
JF1180,2,...
JF1181,2,...
JF1182,2,...
JF1183,2,...
JF1184,2,...
JF1185,2,...
JF1186,2,...
JF1187,2,...
JF1188,2,...
JF1189,2,...
JF119,2,...
JF1190,2,...
JF1191,2,...
JF1192,2,...
JF1193,2,...
JF1194,2,...
JF1195,2,...
JF1196,2,...
JF1197,2,...
JF1198,2,...
JF1199,2,...
JF12,2,...
JF120,2,...
JF1200,2,...
JF1201,2,...
JF1202,2,...
JF1203,2,...
JF1204,2,...
JF1205,2,...
JF1206,2,...
JF1207,2,...
JF1208,2,...
JF1209,2,...
JF121,2,...
JF1210,2,...
JF1211,2,...
JF1212,2,...
JF1213,2,...
JF1214,2,...
JF1215,2,...
JF1216,2,...
JF1217,2,...
JF1218,2,...
JF1219,2,...
JF122,2,...
JF1220,2,...
JF1221,2,...
JF1222,2,...
JF1223,2,...
JF1224,2,...
JF1225,2,...
JF1226,2,...
JF1227,2,...
JF1228,2,...
JF1229,2,...
JF123,2,...
JF1230,2,...
JF1231,2,...
JF1232,2,...
JF1233,2,...
JF1234,2,...
JF1235,2,...
JF1236,2,...
JF1237,2,...
JF1238,2,...
JF1239,2,...
JF124,2,...
JF1240,2,...
JF1241,2,...
JF1242,2,...
JF1243,2,...
JF1244,2,...
JF1245,2,...
JF1246,2,...
JF1247,2,...
JF1248,2,...
JF1249,2,...
JF125,2,...
JF1250,2,...
JF1251,2,...
JF1252,2,...
JF1253,2,...
JF1254,2,...
JF1255,2,...
JF1256,2,...
JF1257,2,...
JF1258,2,...
JF1259,2,...
JF126,2,...
JF1260,2,...
JF1261,2,...
JF1262,2,...
JF1263,2,...
JF1264,2,...
JF1265,2,...
JF1266,2,...
JF1267,2,...
JF1268,2,...
JF1269,2,...
JF127,2,...
JF1270,2,...
JF1271,2,...
JF1272,2,...
JF1273,2,...
JF1274,2,...
JF1275,2,...
JF1276,2,...
JF1277,2,...
JF1278,2,...
JF1279,2,...
JF128,2,...
JF1280,2,...
JF1281,2,...
JF1282,2,...
JF1283,2,...
JF1284,2,...
JF1285,2,...
JF1286,2,...
JF1287,2,...
JF1288,2,...
JF1289,2,...
JF129,2,...
JF1290,2,...
JF1291,2,...
JF1292,2,...
JF1293,2,...
JF1294,2,...
JF1295,2,...
JF1296,2,...
JF1297,2,...
JF1298,2,...
JF1299,2,...
JF13,2,...
JF130,2,...
JF1300,2,...
JF1301,2,...
JF1302,2,...
JF1303,2,...
JF1304,2,...
JF1305,2,...
JF1306,2,...
JF1307,2,...
JF1308,2,...
JF1309,2,...
JF131,2,...
JF1310,2,...
JF1311,2,...
JF1312,2,...
JF1313,2,...
JF1314,2,...
JF1315,2,...
JF1316,2,...
JF1317,2,...
JF1318,2,...
JF1319,2,...
JF132,2,...
JF1320,2,...
JF1321,2,...
JF1322,2,...
JF1323,2,...
JF1324,2,...
JF1325,2,...
JF1326,2,...
JF1327,2,...
JF1328,2,...
JF1329,2,...
JF133,2,...
JF1330,2,...
JF1331,2,...
JF1332,2,...
JF1333,2,...
JF1334,2,...
JF1335,2,...
JF1336,2,...
JF1337,2,...
JF1338,2,...
JF1339,2,...
JF134,2,...
JF1340,2,...
JF1341,2,...
JF1342,2,...
JF1343,2,...
JF1344,2,...
JF1345,2,...
JF1346,2,...
JF1347,2,...
JF1348,2,...
JF1349,2,...
JF135,2,...
JF1350,2,...
JF1351,2,...
JF1352,2,...
JF1353,2,...
JF1354,2,...
JF1355,2,...
JF1356,2,...
JF1357,2,...
JF1358,2,...
JF1359,2,...
JF136,2,...
JF1360,2,...
JF1361,2,...
JF1362,2,...
JF1363,2,...
JF1364,2,...
JF1365,2,...
JF1366,2,...
JF1367,2,...
JF1368,2,...
JF1369,2,...
JF137,2,...
JF1370,2,...
JF1371,2,...
JF1372,2,...
JF1373,2,...
JF1374,2,...
JF1375,2,...
JF1376,2,...
JF1377,2,...
JF1378,2,...
JF1379,2,...
JF138,2,...
JF1380,2,...
JF1381,2,...
JF1382,2,...
JF1383,2,...
JF1384,2,...
JF1385,2,...
JF1386,2,...
JF1387,2,...
JF1388,2,...
JF1389,2,...
JF139,2,...
JF1390,2,...
JF1391,2,...
JF1392,2,...
JF1393,2,...
JF1394,2,...
JF1395,2,...
JF1396,2,...
JF1397,2,...
JF1398,2,...
JF1399,2,...
JF14,2,...
JF140,2,...
JF1400,2,...
JF1401,2,...
JF1402,2,...
JF1403,2,...
JF1404,2,...
JF1405,2,...
JF1406,2,...
JF1407,2,...
JF1408,2,...
JF1409,2,...
JF141,2,...
JF1410,2,...
JF1411,2,...
JF1412,2,...
JF1413,2,...
JF1414,2,...
JF1415,2,...
JF1416,2,...
JF1417,2,...
JF1418,2,...
JF1419,2,...
JF142,2,...
JF1420,2,...
JF1421,2,...
JF1422,2,...
JF1423,2,...
JF1424,2,...
JF1425,2,...
JF1426,2,...
JF1427,2,...
JF1428,2,...
JF1429,2,...
JF143,2,...
JF1430,2,...
JF1431,2,...
JF1432,2,...
JF1433,2,...
JF1434,2,...
JF1435,2,...
JF1436,2,...
JF1437,2,...
JF1438,2,...
JF1439,2,...
JF144,2,...
JF1440,2,...
JF1441,2,...
JF1442,2,...
JF1443,2,...
JF1444,2,...
JF1445,2,...
JF1446,2,...
JF1447,2,...
JF1448,2,...
JF1449,2,...
JF145,2,...
JF1450,2,...
JF1451,2,...
JF1452,2,...
JF1453,2,...
JF1454,2,...
JF1455,2,...
JF1456,2,...
JF1457,2,...
JF1458,2,...
JF1459,2,...
JF146,2,...
JF1460,2,...
JF1461,2,...
JF1462,2,...
JF1463,2,...
JF1464,2,...
JF1465,2,...
JF1466,2,...
JF1467,2,...
JF1468,2,...
JF1469,2,...
JF147,2,...
JF1470,2,...
JF1471,2,...
JF1472,2,...
JF1473,2,...
JF1474,2,...
JF1475,2,...
JF1476,2,...
JF1477,2,...
JF1478,2,...
JF1479,2,...
JF148,2,...
JF1480,2,...
JF1481,2,...
JF1482,2,...
JF1483,2,...
JF1484,2,...
JF1485,2,...
JF1486,2,...
JF1487,2,...
JF1488,2,...
JF1489,2,...
JF149,2,...
JF1490,2,...
JF1491,2,...
JF1492,2,...
JF1493,2,...
JF1494,2,...
JF1495,2,...
JF1496,2,...
JF1497,2,...
JF1498,2,...
JF1499,2,...
JF15,2,...
JF150,2,...
JF1500,2,...
JF1501,2,...
JF1502,2,...
JF1503,2,...
JF1504,2,...
JF1505,2,...
JF1506,2,...
JF1507,2,...
JF1508,2,...
JF1509,2,...
JF151,2,...
JF1510,2,...
JF1511,2,...
JF1512,2,...
JF1513,2,...
JF1514,2,...
JF1515,2,...
JF1516,2,...
JF1517,2,...
JF1518,2,...
JF1519,2,...
JF152,2,...
JF1520,2,...
JF1521,2,...
JF1522,2,...
JF1523,2,...
JF1524,2,...
JF1525,2,...
JF1526,2,...
JF1527,2,...
JF1528,2,...
JF1529,2,...
JF153,2,...
JF1530,2,...
JF1531,2,...
JF1532,2,...
JF1533,2,...
JF1534,2,...
JF1535,2,...
JF1536,2,...
JF1537,2,...
JF1538,2,...
JF1539,2,...
JF154,2,...
JF1540,2,...
JF1541,2,...
JF1542,2,...
JF1543,2,...
JF1544,2,...
JF1545,2,...
JF1546,2,...
JF1547,2,...
JF1548,2,...
JF1549,2,...
JF155,2,...
JF1550,2,...
JF1551,2,...
JF1552,2,...
JF1553,2,...
JF1554,2,...
JF1555,2,...
JF1556,2,...
JF1557,2,...
JF1558,2,...
JF1559,2,...
JF156,2,...
JF1560,2,...
JF1561,2,...
JF1562,2,...
JF1563,2,...
JF1564,2,...
JF1565,2,...
JF1566,2,...
JF1567,2,...
JF1568,2,...
JF1569,2,...
JF157,2,...
JF1570,2,...
JF1571,2,...
JF1572,2,...
JF1573,2,...
JF1574,2,...
JF1575,2,...
JF1576,2,...
JF1577,2,...
JF1578,2,...
JF1579,2,...
JF158,2,...
JF1580,2,...
JF1581,2,...
JF1582,2,...
JF1583,2,...
JF1585,2,...
JF1586,2,...
JF1588,2,...
JF1589,2,...
JF159,2,...
JF1592,2,...
JF1594,2,...
JF1595,2,...
JF1597,2,...
JF1598,2,...
JF16,2,...
JF160,2,...
JF1601,2,...
JF1602,2,...
JF1603,2,...
JF1606,2,...
JF1607,2,...
JF1608,2,...
JF1609,2,...
JF161,2,...
JF1610,2,...
JF1611,2,...
JF1612,2,...
JF1613,2,...
JF1614,2,...
JF1615,2,...
JF1616,2,...
JF1617,2,...
JF1618,2,...
JF162,2,...
JF1621,2,...
JF1623,2,...
JF1628,2,...
JF163,2,...
JF1630,2,...
JF1631,2,...
JF1636,2,...
JF1638,2,...
JF164,2,...
JF1641,2,...
JF1642,2,...
JF1644,2,...
JF1646,2,...
JF1647,2,...
JF1648,2,...
JF1649,2,...
JF165,2,...
JF1651,2,...
JF1652,2,...
JF1653,2,...
JF1655,2,...
JF1658,2,...
JF166,2,...
JF1660,2,...
JF1663,2,...
JF1665,2,...
